,Links,Names,Prices,Car Type
0,,,,
1,http://carpages.ca/used-cars/ontario/brampton/2021-tesla-model-3-9523735/,2021 Tesla Model 3,"$54,980 ","Brampton, ON"
2,http://carpages.ca/used-cars/alberta/airdrie/2019-tesla-model-3-9523684/,2019 Tesla Model 3,"$50,280 ","Airdrie, AB"
3,http://carpages.ca/used-cars/alberta/airdrie/2019-hyundai-ioniq-9523675/,2019 Hyundai IONIQ,"$35,880 ","Airdrie, AB"
4,http://carpages.ca/used-cars/ontario/brampton/2021-tesla-model-3-9523546/,2021 Tesla Model 3,"$52,980 ","Brampton, ON"
5,http://carpages.ca/used-cars/saskatchewan/saskatoon/2022-tesla-model-3-9523543/,2022 Tesla Model 3,"$58,380 ","Saskatoon, SK"
6,http://carpages.ca/used-cars/alberta/airdrie/2021-tesla-model-3-9523540/,2021 Tesla Model 3,"$55,280 ","Airdrie, AB"
7,http://carpages.ca/used-cars/saskatchewan/saskatoon/2018-tesla-model-x-9523525/,2018 Tesla Model X,"$90,780 ","Saskatoon, SK"
8,http://carpages.ca/used-cars/alberta/airdrie/2021-hyundai-kona-9523486/,2021 Hyundai KONA,"$51,280 ","Airdrie, AB"
9,http://carpages.ca/used-cars/saskatchewan/saskatoon/2020-tesla-model-3-9523465/,2020 Tesla Model 3,"$52,780 ","Saskatoon, SK"
10,http://carpages.ca/used-cars/ontario/brampton/2021-tesla-model-3-9523450/,2021 Tesla Model 3,"$56,980 ","Brampton, ON"
11,http://carpages.ca/used-cars/alberta/airdrie/2020-tesla-model-3-9523444/,2020 Tesla Model 3,"$53,280 ","Airdrie, AB"
12,http://carpages.ca/used-cars/ontario/toronto/2012-toyota-prius-v-9523435/,2012 Toyota Prius v,"$18,999 ","Toronto, ON"
13,http://carpages.ca/used-cars/alberta/airdrie/2022-tesla-model-3-9523423/,2022 Tesla Model 3,"$56,880 ","Airdrie, AB"
14,http://carpages.ca/used-cars/alberta/airdrie/2016-tesla-model-s-9523357/,2016 Tesla Model S,"$66,280 ","Airdrie, AB"
15,http://carpages.ca/used-cars/alberta/airdrie/2022-tesla-model-3-9523264/,2022 Tesla Model 3,"$58,280 ","Airdrie, AB"
16,http://carpages.ca/used-cars/ontario/brampton/2022-tesla-model-3-9523231/,2022 Tesla Model 3,"$56,580 ","Brampton, ON"
17,http://carpages.ca/used-cars/alberta/airdrie/2022-tesla-model-3-9523180/,2022 Tesla Model 3,"$57,880 ","Airdrie, AB"
18,http://carpages.ca/used-cars/alberta/airdrie/2019-hyundai-kona-9523171/,2019 Hyundai KONA,"$49,880 ","Airdrie, AB"
19,http://carpages.ca/used-cars/ontario/brampton/2021-tesla-model-3-9523147/,2021 Tesla Model 3,"$53,980 ","Brampton, ON"
20,http://carpages.ca/used-cars/ontario/brampton/2019-hyundai-kona-9523087/,2019 Hyundai KONA,"$49,580 ","Brampton, ON"
21,http://carpages.ca/used-cars/saskatchewan/saskatoon/2019-tesla-model-x-9522937/,2019 Tesla Model X,"$101,780 ","Saskatoon, SK"
22,http://carpages.ca/used-cars/saskatchewan/saskatoon/2020-tesla-model-3-9522838/,2020 Tesla Model 3,"$52,780 ","Saskatoon, SK"
23,http://carpages.ca/used-cars/ontario/brampton/2018-tesla-model-3-9522766/,2018 Tesla Model 3,"$48,580 ","Brampton, ON"
24,http://carpages.ca/used-cars/alberta/airdrie/2021-tesla-model-3-9522679/,2021 Tesla Model 3,"$53,280 ","Airdrie, AB"
25,http://carpages.ca/used-cars/saskatchewan/saskatoon/2022-tesla-model-3-9522598/,2022 Tesla Model 3,"$57,380 ","Saskatoon, SK"
26,http://carpages.ca/used-cars/saskatchewan/saskatoon/2019-nissan-leaf-9522346/,2019 Nissan Leaf,"$37,780 ","Saskatoon, SK"
27,http://carpages.ca/used-cars/saskatchewan/saskatoon/2017-hyundai-ioniq-9522325/,2017 Hyundai IONIQ,"$32,380 ","Saskatoon, SK"
28,http://carpages.ca/used-cars/saskatchewan/saskatoon/2020-tesla-model-3-9522322/,2020 Tesla Model 3,"$51,380 ","Saskatoon, SK"
29,http://carpages.ca/used-cars/saskatchewan/saskatoon/2017-hyundai-ioniq-9522307/,2017 Hyundai IONIQ,"$35,780 ","Saskatoon, SK"
30,http://carpages.ca/used-cars/alberta/airdrie/2015-chevrolet-spark-9522268/,2015 Chevrolet Spark,"$20,880 ","Airdrie, AB"
31,http://carpages.ca/used-cars/alberta/airdrie/2018-tesla-model-3-9522142/,2018 Tesla Model 3,"$48,880 ","Airdrie, AB"
32,http://carpages.ca/used-cars/saskatchewan/saskatoon/2020-hyundai-kona-9522106/,2020 Hyundai KONA,"$50,780 ","Saskatoon, SK"
33,http://carpages.ca/used-cars/saskatchewan/saskatoon/2019-hyundai-ioniq-9522082/,2019 Hyundai IONIQ,"$36,380 ","Saskatoon, SK"
34,http://carpages.ca/used-cars/alberta/airdrie/2019-tesla-model-3-9522055/,2019 Tesla Model 3,"$51,280 ","Airdrie, AB"
35,http://carpages.ca/used-cars/saskatchewan/saskatoon/2021-tesla-model-3-9522052/,2021 Tesla Model 3,"$53,780 ","Saskatoon, SK"
36,http://carpages.ca/used-cars/alberta/airdrie/2020-tesla-model-3-9522049/,2020 Tesla Model 3,"$51,280 ","Airdrie, AB"
37,http://carpages.ca/used-cars/alberta/airdrie/2017-nissan-leaf-9521995/,2017 Nissan Leaf,"$29,280 ","Airdrie, AB"
38,http://carpages.ca/used-cars/alberta/airdrie/2021-tesla-model-3-9521977/,2021 Tesla Model 3,"$53,280 ","Airdrie, AB"
39,http://carpages.ca/used-cars/saskatchewan/saskatoon/2019-hyundai-ioniq-9521965/,2019 Hyundai IONIQ,"$43,780 ","Saskatoon, SK"
40,http://carpages.ca/used-cars/alberta/airdrie/2021-tesla-model-3-9521845/,2021 Tesla Model 3,"$55,280 ","Airdrie, AB"
41,http://carpages.ca/used-cars/alberta/airdrie/2021-tesla-model-3-9521767/,2021 Tesla Model 3,"$54,280 ","Airdrie, AB"
42,http://carpages.ca/used-cars/saskatchewan/saskatoon/2022-tesla-model-3-9521719/,2022 Tesla Model 3,"$56,780 ","Saskatoon, SK"
43,http://carpages.ca/used-cars/alberta/airdrie/2021-tesla-model-3-9521692/,2021 Tesla Model 3,"$55,280 ","Airdrie, AB"
44,http://carpages.ca/used-cars/alberta/airdrie/2020-tesla-model-3-9521668/,2020 Tesla Model 3,"$63,280 ","Airdrie, AB"
45,http://carpages.ca/used-cars/saskatchewan/saskatoon/2022-tesla-model-3-9521578/,2022 Tesla Model 3,"$58,780 ","Saskatoon, SK"
46,http://carpages.ca/used-cars/saskatchewan/saskatoon/2020-tesla-model-3-9521470/,2020 Tesla Model 3,"$53,780 ","Saskatoon, SK"
47,http://carpages.ca/used-cars/alberta/airdrie/2017-tesla-model-x-9521461/,2017 Tesla Model X,"$84,280 ","Airdrie, AB"
48,http://carpages.ca/used-cars/alberta/airdrie/2019-tesla-model-x-9521374/,2019 Tesla Model X,"$101,280 ","Airdrie, AB"
49,http://carpages.ca/used-cars/alberta/airdrie/2021-tesla-model-3-9521341/,2021 Tesla Model 3,"$55,880 ","Airdrie, AB"
50,http://carpages.ca/used-cars/saskatchewan/saskatoon/2021-tesla-model-3-9521179/,2021 Tesla Model 3,"$55,780 ","Saskatoon, SK"
51,http://carpages.ca/used-cars/saskatchewan/saskatoon/2021-tesla-model-3-9521038/,2021 Tesla Model 3,"$54,780 ","Saskatoon, SK"
52,http://carpages.ca/used-cars/saskatchewan/saskatoon/2018-tesla-model-3-9521020/,2018 Tesla Model 3,"$49,380 ","Saskatoon, SK"
53,http://carpages.ca/used-cars/saskatchewan/saskatoon/2020-tesla-model-3-9521005/,2020 Tesla Model 3,"$63,780 ","Saskatoon, SK"
54,http://carpages.ca/used-cars/saskatchewan/saskatoon/2017-nissan-leaf-9520990/,2017 Nissan Leaf,"$29,780 ","Saskatoon, SK"
55,http://carpages.ca/used-cars/alberta/airdrie/2015-nissan-leaf-9520921/,2015 Nissan Leaf,"$22,280 ","Airdrie, AB"
56,http://carpages.ca/used-cars/alberta/airdrie/2022-tesla-model-3-9520798/,2022 Tesla Model 3,"$57,280 ","Airdrie, AB"
57,http://carpages.ca/used-cars/ontario/brampton/2022-polestar-polestar-2-9520792/,2022 Polestar POLESTAR 2,"$67,980 ","Brampton, ON"
58,http://carpages.ca/used-cars/alberta/airdrie/2020-tesla-model-3-9520789/,2020 Tesla Model 3,"$53,880 ","Airdrie, AB"
59,http://carpages.ca/used-cars/ontario/brampton/2019-hyundai-ioniq-9520723/,2019 Hyundai IONIQ,"$35,580 ","Brampton, ON"
60,http://carpages.ca/used-cars/ontario/brampton/2021-tesla-model-3-9520693/,2021 Tesla Model 3,"$54,580 ","Brampton, ON"
61,http://carpages.ca/used-cars/ontario/brampton/2020-tesla-model-3-9520645/,2020 Tesla Model 3,"$51,980 ","Brampton, ON"
62,http://carpages.ca/used-cars/alberta/airdrie/2020-tesla-model-3-9520558/,2020 Tesla Model 3,"$64,280 ","Airdrie, AB"
63,http://carpages.ca/used-cars/ontario/brampton/2022-tesla-model-3-9520534/,2022 Tesla Model 3,"$56,980 ","Brampton, ON"
64,http://carpages.ca/used-cars/alberta/airdrie/2022-polestar-polestar-2-9520498/,2022 Polestar POLESTAR 2,"$68,280 ","Airdrie, AB"
65,http://carpages.ca/used-cars/ontario/brampton/2018-tesla-model-x-9520363/,2018 Tesla Model X,"$89,980 ","Brampton, ON"
66,http://carpages.ca/used-cars/saskatchewan/saskatoon/2018-tesla-model-3-9520342/,2018 Tesla Model 3,"$49,380 ","Saskatoon, SK"
67,http://carpages.ca/used-cars/saskatchewan/saskatoon/2019-chevrolet-bolt-9520276/,2019 Chevrolet Bolt,"$41,380 ","Saskatoon, SK"
68,http://carpages.ca/used-cars/alberta/airdrie/2021-tesla-model-3-9520255/,2021 Tesla Model 3,"$55,880 ","Airdrie, AB"
69,http://carpages.ca/used-cars/alberta/airdrie/2022-tesla-model-3-9520126/,2022 Tesla Model 3,"$59,280 ","Airdrie, AB"
70,http://carpages.ca/used-cars/ontario/brampton/2022-tesla-model-3-9520123/,2022 Tesla Model 3,"$57,980 ","Brampton, ON"
71,http://carpages.ca/used-cars/ontario/brampton/2017-tesla-model-x-9520087/,2017 Tesla Model X,"$83,980 ","Brampton, ON"
72,http://carpages.ca/used-cars/saskatchewan/saskatoon/2022-tesla-model-3-9520018/,2022 Tesla Model 3,"$59,780 ","Saskatoon, SK"
73,http://carpages.ca/used-cars/ontario/brampton/2021-hyundai-kona-9519997/,2021 Hyundai KONA,"$50,980 ","Brampton, ON"
74,http://carpages.ca/used-cars/saskatchewan/saskatoon/2019-tesla-model-3-9519979/,2019 Tesla Model 3,"$51,780 ","Saskatoon, SK"
75,http://carpages.ca/used-cars/saskatchewan/saskatoon/2021-tesla-model-3-9519946/,2021 Tesla Model 3,"$55,780 ","Saskatoon, SK"
76,http://carpages.ca/used-cars/ontario/brampton/2017-hyundai-ioniq-9519934/,2017 Hyundai IONIQ,"$34,980 ","Brampton, ON"
77,http://carpages.ca/used-cars/ontario/brampton/2021-tesla-model-3-9519880/,2021 Tesla Model 3,"$54,980 ","Brampton, ON"
78,http://carpages.ca/used-cars/saskatchewan/saskatoon/2019-hyundai-kona-9519877/,2019 Hyundai KONA,"$50,380 ","Saskatoon, SK"
79,http://carpages.ca/used-cars/ontario/brampton/2020-tesla-model-3-9519847/,2020 Tesla Model 3,"$62,980 ","Brampton, ON"
80,http://carpages.ca/used-cars/saskatchewan/saskatoon/2020-tesla-model-3-9519844/,2020 Tesla Model 3,"$64,780 ","Saskatoon, SK"
81,http://carpages.ca/used-cars/ontario/brampton/2021-tesla-model-3-9519811/,2021 Tesla Model 3,"$55,580 ","Brampton, ON"
82,http://carpages.ca/used-cars/saskatchewan/saskatoon/2021-tesla-model-3-9519733/,2021 Tesla Model 3,"$53,780 ","Saskatoon, SK"
83,http://carpages.ca/used-cars/saskatchewan/saskatoon/2015-chevrolet-spark-9519718/,2015 Chevrolet Spark,"$21,380 ","Saskatoon, SK"
84,http://carpages.ca/used-cars/saskatchewan/saskatoon/2021-tesla-model-3-9519712/,2021 Tesla Model 3,"$56,380 ","Saskatoon, SK"
85,http://carpages.ca/used-cars/ontario/brampton/2021-tesla-model-3-9519673/,2021 Tesla Model 3,"$54,980 ","Brampton, ON"
86,http://carpages.ca/used-cars/saskatchewan/saskatoon/2021-hyundai-kona-9519652/,2021 Hyundai KONA,"$51,780 ","Saskatoon, SK"
87,http://carpages.ca/used-cars/saskatchewan/saskatoon/2019-tesla-model-3-9519619/,2019 Tesla Model 3,"$50,780 ","Saskatoon, SK"
88,http://carpages.ca/used-cars/ontario/brampton/2016-tesla-model-s-9519610/,2016 Tesla Model S,"$65,980 ","Brampton, ON"
89,http://carpages.ca/used-cars/saskatchewan/saskatoon/2020-tesla-model-3-9519601/,2020 Tesla Model 3,"$51,780 ","Saskatoon, SK"
90,http://carpages.ca/used-cars/ontario/brampton/2021-tesla-model-3-9519514/,2021 Tesla Model 3,"$54,980 ","Brampton, ON"
91,http://carpages.ca/used-cars/manitoba/winnipeg/2022-bmw-x3-9519475/,2022 BMW X3,"$70,991 ","Winnipeg, MB"
92,http://carpages.ca/used-cars/ontario/brampton/2021-tesla-model-3-9519427/,2021 Tesla Model 3,"$52,980 ","Brampton, ON"
93,http://carpages.ca/used-cars/ontario/brampton/2020-tesla-model-3-9519418/,2020 Tesla Model 3,"$50,580 ","Brampton, ON"
94,http://carpages.ca/used-cars/ontario/brampton/2020-tesla-model-3-9519313/,2020 Tesla Model 3,"$53,580 ","Brampton, ON"
95,http://carpages.ca/used-cars/ontario/brampton/2019-tesla-model-3-9519292/,2019 Tesla Model 3,"$50,980 ","Brampton, ON"
96,http://carpages.ca/used-cars/ontario/brampton/2019-hyundai-ioniq-9519262/,2019 Hyundai IONIQ,"$42,980 ","Brampton, ON"
97,http://carpages.ca/used-cars/ontario/brampton/2017-nissan-leaf-9519196/,2017 Nissan Leaf,"$28,980 ","Brampton, ON"
98,http://carpages.ca/used-cars/ontario/brampton/2020-tesla-model-3-9519187/,2020 Tesla Model 3,"$50,980 ","Brampton, ON"
99,http://carpages.ca/used-cars/alberta/airdrie/2018-kia-soul-9518998/,2018 Kia Soul,"$31,280 ","Airdrie, AB"
100,http://carpages.ca/used-cars/ontario/brampton/2021-tesla-model-3-9518974/,2021 Tesla Model 3,"$55,580 ","Brampton, ON"
101,http://carpages.ca/used-cars/alberta/airdrie/2021-tesla-model-3-9518959/,2021 Tesla Model 3,"$55,280 ","Airdrie, AB"
102,http://carpages.ca/used-cars/ontario/brampton/2022-tesla-model-3-9518947/,2022 Tesla Model 3,"$58,980 ","Brampton, ON"
103,http://carpages.ca/used-cars/ontario/brampton/2022-tesla-model-3-9518884/,2022 Tesla Model 3,"$57,580 ","Brampton, ON"
104,http://carpages.ca/used-cars/saskatchewan/saskatoon/2021-tesla-model-3-9518815/,2021 Tesla Model 3,"$55,780 ","Saskatoon, SK"
105,http://carpages.ca/used-cars/alberta/airdrie/2017-nissan-leaf-9518788/,2017 Nissan Leaf,"$25,980 ","Airdrie, AB"
106,http://carpages.ca/used-cars/ontario/brampton/2021-tesla-model-3-9518713/,2021 Tesla Model 3,"$54,980 ","Brampton, ON"
107,http://carpages.ca/used-cars/saskatchewan/saskatoon/2015-nissan-leaf-9518686/,2015 Nissan Leaf,"$22,780 ","Saskatoon, SK"
108,http://carpages.ca/used-cars/saskatchewan/saskatoon/2022-tesla-model-3-9518539/,2022 Tesla Model 3,"$57,780 ","Saskatoon, SK"
109,http://carpages.ca/used-cars/ontario/brampton/2015-chevrolet-spark-9518515/,2015 Chevrolet Spark,"$20,580 ","Brampton, ON"
110,http://carpages.ca/used-cars/alberta/airdrie/2016-kia-soul-9518371/,2016 Kia Soul,"$24,980 ","Airdrie, AB"
111,http://carpages.ca/used-cars/saskatchewan/saskatoon/2021-tesla-model-3-9518251/,2021 Tesla Model 3,"$55,380 ","Saskatoon, SK"
112,http://carpages.ca/used-cars/ontario/brampton/2019-tesla-model-x-9518248/,2019 Tesla Model X,"$100,980 ","Brampton, ON"
113,http://carpages.ca/used-cars/saskatchewan/saskatoon/2018-kia-soul-9518239/,2018 Kia Soul,"$31,780 ","Saskatoon, SK"
114,http://carpages.ca/used-cars/saskatchewan/saskatoon/2020-tesla-model-3-9518182/,2020 Tesla Model 3,"$54,380 ","Saskatoon, SK"
115,http://carpages.ca/new-cars/saskatchewan/saskatoon/2023-jeep-wrangler-9517915/,2023 Jeep Wrangler,"$61,280 ","Saskatoon, SK"
116,http://carpages.ca/new-cars/saskatchewan/saskatoon/2023-jeep-wrangler-9517906/,2023 Jeep Wrangler,"$64,270 ","Saskatoon, SK"
117,http://carpages.ca/new-cars/saskatchewan/saskatoon/2023-ram-1500-9517897/,2023 RAM 1500,"$87,795 ","Saskatoon, SK"
118,http://carpages.ca/new-cars/saskatchewan/saskatoon/2023-ram-1500-9517795/,2023 RAM 1500,"$72,480 ","Saskatoon, SK"
119,http://carpages.ca/used-cars/saskatchewan/saskatoon/2017-tesla-model-x-9517729/,2017 Tesla Model X,"$84,780 ","Saskatoon, SK"
120,http://carpages.ca/used-cars/saskatchewan/saskatoon/2021-tesla-model-3-9517693/,2021 Tesla Model 3,"$54,780 ","Saskatoon, SK"
121,http://carpages.ca/used-cars/saskatchewan/saskatoon/2022-polestar-polestar-2-9517636/,2022 Polestar POLESTAR 2,"$68,780 ","Saskatoon, SK"
122,http://carpages.ca/used-cars/ontario/brampton/2019-tesla-model-3-9517630/,2019 Tesla Model 3,"$49,980 ","Brampton, ON"
123,http://carpages.ca/used-cars/ontario/brampton/2021-tesla-model-3-9517537/,2021 Tesla Model 3,"$53,980 ","Brampton, ON"
124,http://carpages.ca/used-cars/ontario/brampton/2020-tesla-model-3-9517489/,2020 Tesla Model 3,"$63,980 ","Brampton, ON"
125,http://carpages.ca/used-cars/saskatchewan/saskatoon/2021-tesla-model-3-9517408/,2021 Tesla Model 3,"$56,380 ","Saskatoon, SK"
126,http://carpages.ca/used-cars/ontario/brampton/2018-kia-soul-9517327/,2018 Kia Soul,"$30,980 ","Brampton, ON"
127,http://carpages.ca/used-cars/saskatchewan/saskatoon/2021-tesla-model-3-9517252/,2021 Tesla Model 3,"$55,780 ","Saskatoon, SK"
128,http://carpages.ca/used-cars/ontario/brampton/2018-tesla-model-3-9517093/,2018 Tesla Model 3,"$48,580 ","Brampton, ON"
129,http://carpages.ca/used-cars/ontario/brampton/2015-nissan-leaf-9516958/,2015 Nissan Leaf,"$21,980 ","Brampton, ON"
130,http://carpages.ca/used-cars/saskatchewan/saskatoon/2017-nissan-leaf-9516943/,2017 Nissan Leaf,"$24,990 ","Saskatoon, SK"
131,http://carpages.ca/used-cars/ontario/brampton/2017-nissan-leaf-9516670/,2017 Nissan Leaf,"$26,480 ","Brampton, ON"
132,http://carpages.ca/used-cars/saskatchewan/saskatoon/2016-kia-soul-9516463/,2016 Kia Soul,"$23,990 ","Saskatoon, SK"
133,http://carpages.ca/used-cars/ontario/brampton/2022-tesla-model-y-9516370/,2022 Tesla Model Y,"$81,480 ","Brampton, ON"
134,http://carpages.ca/used-cars/alberta/airdrie/2019-chevrolet-bolt-9516310/,2019 Chevrolet Bolt,"$35,590 ","Airdrie, AB"
135,http://carpages.ca/used-cars/quebec/saint-henri-de-levis/2012-chevrolet-volt-9516295/,2012 Chevrolet Volt,"$5,500 ","Saint Henri de LÃ©vis, QC"
136,http://carpages.ca/used-cars/ontario/brampton/2016-kia-soul-9516268/,2016 Kia Soul,"$25,480 ","Brampton, ON"
137,http://carpages.ca/used-cars/alberta/airdrie/2022-tesla-model-3-9515818/,2022 Tesla Model 3,"$55,990 ","Airdrie, AB"
138,http://carpages.ca/new-cars/manitoba/treherne/2023-ford-escape-9515428/,2023 Ford Escape,"$50,274 ","Treherne, MB"
139,http://carpages.ca/used-cars/ontario/brampton/2017-tesla-model-s-9515101/,2017 Tesla Model S,"$71,480 ","Brampton, ON"
140,http://carpages.ca/used-cars/saskatchewan/saskatoon/2019-chevrolet-bolt-9514822/,2019 Chevrolet Bolt,"$36,580 ","Saskatoon, SK"
141,http://carpages.ca/used-cars/ontario/brampton/2021-tesla-model-3-9514756/,2021 Tesla Model 3,"$61,480 ","Brampton, ON"
142,http://carpages.ca/used-cars/ontario/brampton/2020-tesla-model-3-9514645/,2020 Tesla Model 3,"$51,480 ","Brampton, ON"
143,http://carpages.ca/new-cars/ontario/peterborough/2023-ford-f-150-9514450/,2023 Ford F-150,"$61,320 ","Peterborough, ON"
144,http://carpages.ca/new-cars/ontario/peterborough/2023-ford-f-150-9514444/,2023 Ford F-150,"$60,775 ","Peterborough, ON"
145,http://carpages.ca/used-cars/ontario/brampton/2019-tesla-model-3-9514297/,2019 Tesla Model 3,"$56,480 ","Brampton, ON"
146,http://carpages.ca/used-cars/alberta/airdrie/2022-tesla-model-3-9514207/,2022 Tesla Model 3,"$55,590 ","Airdrie, AB"
147,http://carpages.ca/used-cars/ontario/brampton/2019-tesla-model-3-9514054/,2019 Tesla Model 3,"$49,480 ","Brampton, ON"
148,http://carpages.ca/used-cars/ontario/brampton/2013-nissan-leaf-9513724/,2013 Nissan Leaf,"$17,480 ","Brampton, ON"
149,http://carpages.ca/used-cars/ontario/brampton/2019-hyundai-ioniq-9513586/,2019 Hyundai IONIQ,"$36,080 ","Brampton, ON"
150,http://carpages.ca/used-cars/saskatchewan/saskatoon/2022-tesla-model-3-9513505/,2022 Tesla Model 3,"$56,580 ","Saskatoon, SK"
151,http://carpages.ca/used-cars/ontario/brampton/2016-nissan-leaf-9513499/,2016 Nissan Leaf,"$27,480 ","Brampton, ON"
152,http://carpages.ca/used-cars/alberta/airdrie/2015-nissan-leaf-9513460/,2015 Nissan Leaf,"$23,580 ","Airdrie, AB"
153,http://carpages.ca/used-cars/alberta/airdrie/2022-tesla-model-3-9513451/,2022 Tesla Model 3,"$69,990 ","Airdrie, AB"
154,http://carpages.ca/used-cars/ontario/brampton/2016-nissan-leaf-9513415/,2016 Nissan Leaf,"$29,080 ","Brampton, ON"
155,http://carpages.ca/used-cars/alberta/airdrie/2022-tesla-model-3-9513127/,2022 Tesla Model 3,"$55,990 ","Airdrie, AB"
156,http://carpages.ca/used-cars/alberta/airdrie/2019-hyundai-ioniq-9513004/,2019 Hyundai IONIQ,"$35,580 ","Airdrie, AB"
157,http://carpages.ca/used-cars/alberta/airdrie/2019-nissan-leaf-9512971/,2019 Nissan Leaf,"$38,590 ","Airdrie, AB"
158,http://carpages.ca/used-cars/ontario/brampton/2016-volkswagen-golf-9512887/,2016 Volkswagen Golf,"$33,480 ","Brampton, ON"
159,http://carpages.ca/used-cars/british-columbia/langley/2017-toyota-rav4-9512851/,2017 Toyota RAV4,"$38,990 ","Langley, BC"
160,http://carpages.ca/used-cars/saskatchewan/saskatoon/2015-nissan-leaf-9512836/,2015 Nissan Leaf,"$22,590 ","Saskatoon, SK"
161,http://carpages.ca/used-cars/saskatchewan/saskatoon/2022-tesla-model-3-9512827/,2022 Tesla Model 3,"$70,980 ","Saskatoon, SK"
162,http://carpages.ca/used-cars/saskatchewan/saskatoon/2022-tesla-model-3-9512524/,2022 Tesla Model 3,"$56,980 ","Saskatoon, SK"
163,http://carpages.ca/used-cars/ontario/brampton/2017-nissan-leaf-9512443/,2017 Nissan Leaf,"$29,080 ","Brampton, ON"
164,http://carpages.ca/new-cars/british-columbia/sechelt/2023-ford-mustang-mach-e-9512332/,2023 Ford Mustang MACH-E,"$101,540 ","Sechelt, BC"
165,http://carpages.ca/used-cars/ontario/brampton/2020-hyundai-ioniq-9512212/,2020 Hyundai IONIQ,"$43,480 ","Brampton, ON"
166,http://carpages.ca/used-cars/saskatchewan/saskatoon/2019-hyundai-ioniq-9512209/,2019 Hyundai IONIQ,"$34,590 ","Saskatoon, SK"
167,http://carpages.ca/used-cars/saskatchewan/saskatoon/2019-nissan-leaf-9512098/,2019 Nissan Leaf,"$39,580 ","Saskatoon, SK"
168,http://carpages.ca/used-cars/alberta/airdrie/2016-volkswagen-golf-9512044/,2016 Volkswagen Golf,"$32,980 ","Airdrie, AB"
169,http://carpages.ca/used-cars/alberta/airdrie/2016-nissan-leaf-9512038/,2016 Nissan Leaf,"$26,980 ","Airdrie, AB"
170,http://carpages.ca/used-cars/ontario/brampton/2015-nissan-leaf-9511810/,2015 Nissan Leaf,"$24,080 ","Brampton, ON"
171,http://carpages.ca/used-cars/ontario/brampton/2020-tesla-model-3-9511801/,2020 Tesla Model 3,"$51,480 ","Brampton, ON"
172,http://carpages.ca/used-cars/alberta/airdrie/2022-tesla-model-3-9511669/,2022 Tesla Model 3,"$55,990 ","Airdrie, AB"
173,http://carpages.ca/used-cars/alberta/airdrie/2022-tesla-model-3-9511591/,2022 Tesla Model 3,"$55,590 ","Airdrie, AB"
174,http://carpages.ca/used-cars/ontario/brampton/2019-tesla-model-3-9511552/,2019 Tesla Model 3,"$57,480 ","Brampton, ON"
175,http://carpages.ca/used-cars/alberta/airdrie/2021-tesla-model-3-9511543/,2021 Tesla Model 3,"$60,980 ","Airdrie, AB"
176,http://carpages.ca/used-cars/ontario/brampton/2018-tesla-model-3-9511504/,2018 Tesla Model 3,"$57,480 ","Brampton, ON"
177,http://carpages.ca/used-cars/ontario/brampton/2019-nissan-leaf-9511342/,2019 Nissan Leaf,"$41,480 ","Brampton, ON"
178,http://carpages.ca/used-cars/saskatchewan/saskatoon/2016-volkswagen-golf-9511168/,2016 Volkswagen Golf,"$31,990 ","Saskatoon, SK"
179,http://carpages.ca/used-cars/saskatchewan/saskatoon/2016-nissan-leaf-9511159/,2016 Nissan Leaf,"$25,990 ","Saskatoon, SK"
180,http://carpages.ca/used-cars/ontario/brampton/2021-tesla-model-3-9511036/,2021 Tesla Model 3,"$54,080 ","Brampton, ON"
181,http://carpages.ca/used-cars/alberta/airdrie/2013-nissan-leaf-9510994/,2013 Nissan Leaf,"$16,980 ","Airdrie, AB"
182,http://carpages.ca/used-cars/saskatchewan/saskatoon/2022-tesla-model-3-9510733/,2022 Tesla Model 3,"$56,980 ","Saskatoon, SK"
183,http://carpages.ca/used-cars/saskatchewan/saskatoon/2022-tesla-model-3-9510649/,2022 Tesla Model 3,"$56,580 ","Saskatoon, SK"
184,http://carpages.ca/used-cars/alberta/airdrie/2017-chevrolet-bolt-9510610/,2017 Chevrolet Bolt,"$38,990 ","Airdrie, AB"
185,http://carpages.ca/used-cars/saskatchewan/saskatoon/2021-tesla-model-3-9510601/,2021 Tesla Model 3,"$59,990 ","Saskatoon, SK"
186,http://carpages.ca/used-cars/ontario/brampton/2019-chevrolet-bolt-9510577/,2019 Chevrolet Bolt,"$36,580 ","Brampton, ON"
187,http://carpages.ca/used-cars/saskatchewan/saskatoon/2018-tesla-model-3-9510364/,2018 Tesla Model 3,"$55,990 ","Saskatoon, SK"
188,http://carpages.ca/used-cars/alberta/airdrie/2019-nissan-leaf-9510277/,2019 Nissan Leaf,"$40,980 ","Airdrie, AB"
189,http://carpages.ca/used-cars/ontario/brampton/2022-tesla-model-3-9510229/,2022 Tesla Model 3,"$56,980 ","Brampton, ON"
190,http://carpages.ca/used-cars/saskatchewan/saskatoon/2017-chevrolet-bolt-9510031/,2017 Chevrolet Bolt,"$39,980 ","Saskatoon, SK"
191,http://carpages.ca/used-cars/alberta/airdrie/2017-nissan-leaf-9509962/,2017 Nissan Leaf,"$28,580 ","Airdrie, AB"
192,http://carpages.ca/used-cars/alberta/airdrie/2019-tesla-model-3-9509863/,2019 Tesla Model 3,"$62,990 ","Airdrie, AB"
193,http://carpages.ca/used-cars/ontario/brampton/2022-tesla-model-3-9509764/,2022 Tesla Model 3,"$56,580 ","Brampton, ON"
194,http://carpages.ca/used-cars/saskatchewan/saskatoon/2019-tesla-model-3-9509725/,2019 Tesla Model 3,"$63,980 ","Saskatoon, SK"
195,http://carpages.ca/used-cars/alberta/airdrie/2020-hyundai-ioniq-9509704/,2020 Hyundai IONIQ,"$42,980 ","Airdrie, AB"
196,http://carpages.ca/used-cars/alberta/airdrie/2017-tesla-model-s-9509551/,2017 Tesla Model S,"$70,980 ","Airdrie, AB"
197,http://carpages.ca/used-cars/alberta/airdrie/2019-tesla-model-3-9509395/,2019 Tesla Model 3,"$48,980 ","Airdrie, AB"
198,http://carpages.ca/used-cars/ontario/brampton/2022-tesla-model-3-9509281/,2022 Tesla Model 3,"$70,980 ","Brampton, ON"
199,http://carpages.ca/used-cars/alberta/airdrie/2016-nissan-leaf-9509170/,2016 Nissan Leaf,"$28,580 ","Airdrie, AB"
200,http://carpages.ca/used-cars/ontario/brampton/2022-tesla-model-3-9509119/,2022 Tesla Model 3,"$56,980 ","Brampton, ON"
201,http://carpages.ca/used-cars/alberta/airdrie/2020-tesla-model-3-9509113/,2020 Tesla Model 3,"$50,980 ","Airdrie, AB"
202,http://carpages.ca/used-cars/alberta/airdrie/2019-tesla-model-3-9509065/,2019 Tesla Model 3,"$55,980 ","Airdrie, AB"
203,http://carpages.ca/used-cars/ontario/brampton/2019-nissan-leaf-9508951/,2019 Nissan Leaf,"$39,580 ","Brampton, ON"
204,http://carpages.ca/used-cars/alberta/airdrie/2022-tesla-model-y-9508924/,2022 Tesla Model Y,"$80,980 ","Airdrie, AB"
205,http://carpages.ca/used-cars/alberta/airdrie/2021-tesla-model-3-9508870/,2021 Tesla Model 3,"$53,580 ","Airdrie, AB"
206,http://carpages.ca/used-cars/alberta/airdrie/2019-tesla-model-3-9508762/,2019 Tesla Model 3,"$56,980 ","Airdrie, AB"
207,http://carpages.ca/used-cars/saskatchewan/saskatoon/2013-nissan-leaf-9508711/,2013 Nissan Leaf,"$15,990 ","Saskatoon, SK"
208,http://carpages.ca/used-cars/ontario/brampton/2022-tesla-model-3-9508510/,2022 Tesla Model 3,"$56,980 ","Brampton, ON"
209,http://carpages.ca/used-cars/saskatchewan/saskatoon/2019-nissan-leaf-9508480/,2019 Nissan Leaf,"$39,990 ","Saskatoon, SK"
210,http://carpages.ca/used-cars/ontario/brampton/2022-tesla-model-3-9508456/,2022 Tesla Model 3,"$56,580 ","Brampton, ON"
211,http://carpages.ca/used-cars/saskatchewan/saskatoon/2017-nissan-leaf-9508354/,2017 Nissan Leaf,"$27,590 ","Saskatoon, SK"
212,http://carpages.ca/used-cars/alberta/airdrie/2018-tesla-model-3-9508297/,2018 Tesla Model 3,"$56,980 ","Airdrie, AB"
213,http://carpages.ca/used-cars/saskatchewan/saskatoon/2020-hyundai-ioniq-9508279/,2020 Hyundai IONIQ,"$41,990 ","Saskatoon, SK"
214,http://carpages.ca/used-cars/saskatchewan/saskatoon/2016-nissan-leaf-9508225/,2016 Nissan Leaf,"$27,590 ","Saskatoon, SK"
215,http://carpages.ca/used-cars/ontario/brampton/2017-chevrolet-bolt-9508204/,2017 Chevrolet Bolt,"$39,980 ","Brampton, ON"
216,http://carpages.ca/used-cars/ontario/brampton/2018-chrysler-pacifica-9508192/,2018 Chrysler Pacifica,"$36,995 ","Brampton, ON"
217,http://carpages.ca/used-cars/saskatchewan/saskatoon/2019-tesla-model-3-9508141/,2019 Tesla Model 3,"$47,990 ","Saskatoon, SK"
218,http://carpages.ca/used-cars/saskatchewan/saskatoon/2017-tesla-model-s-9508057/,2017 Tesla Model S,"$69,990 ","Saskatoon, SK"
219,http://carpages.ca/used-cars/saskatchewan/saskatoon/2020-tesla-model-3-9508036/,2020 Tesla Model 3,"$49,990 ","Saskatoon, SK"
220,http://carpages.ca/used-cars/saskatchewan/saskatoon/2021-tesla-model-3-9508003/,2021 Tesla Model 3,"$52,590 ","Saskatoon, SK"
221,http://carpages.ca/used-cars/ontario/brampton/2019-tesla-model-3-9507955/,2019 Tesla Model 3,"$63,980 ","Brampton, ON"
222,http://carpages.ca/used-cars/saskatchewan/saskatoon/2020-tesla-model-3-9507889/,2020 Tesla Model 3,"$49,990 ","Saskatoon, SK"
223,http://carpages.ca/used-cars/saskatchewan/saskatoon/2019-tesla-model-3-9507670/,2019 Tesla Model 3,"$55,990 ","Saskatoon, SK"
224,http://carpages.ca/used-cars/saskatchewan/saskatoon/2019-tesla-model-3-9507652/,2019 Tesla Model 3,"$54,990 ","Saskatoon, SK"
225,http://carpages.ca/used-cars/saskatchewan/saskatoon/2022-tesla-model-y-9507577/,2022 Tesla Model Y,"$79,990 ","Saskatoon, SK"
226,http://carpages.ca/new-cars/ontario/newmarket/2023-lincoln-aviator-9507241/,2023 Lincoln Aviator,"$85,400 ","Newmarket, ON"
227,http://carpages.ca/new-cars/ontario/newmarket/2023-lincoln-aviator-9507238/,2023 Lincoln Aviator,"$85,400 ","Newmarket, ON"
228,http://carpages.ca/new-cars/ontario/newmarket/2023-lincoln-aviator-9507235/,2023 Lincoln Aviator,"$85,400 ","Newmarket, ON"
229,http://carpages.ca/new-cars/ontario/newmarket/2023-lincoln-aviator-9507232/,2023 Lincoln Aviator,"$85,400 ","Newmarket, ON"
230,http://carpages.ca/used-cars/ontario/etobicoke/2015-bmw-i8-9507118/,2015 BMW i8,"$83,800 ","Etobicoke, ON"
231,http://carpages.ca/new-cars/manitoba/winnipeg/2023-ford-e-transit-cargo-van-9506542/,2023 Ford E-Transit Cargo Van,"$82,780 ","Winnipeg, MB"
232,http://carpages.ca/new-cars/manitoba/winnipeg/2023-ford-f-150-9506533/,2023 Ford F-150,"$92,470 ","Winnipeg, MB"
233,http://carpages.ca/new-cars/manitoba/winnipeg/2023-ford-f-150-9506530/,2023 Ford F-150,"$92,020 ","Winnipeg, MB"
234,http://carpages.ca/new-cars/manitoba/winnipeg/2023-ford-f-150-9506527/,2023 Ford F-150,"$93,370 ","Winnipeg, MB"
235,http://carpages.ca/used-cars/ontario/oakville/2023-zero-dsrx-9506266/,2023 ZERO DSR/X,"$31,595 ","Oakville, ON"
236,http://carpages.ca/used-cars/ontario/hamilton/2014-chevrolet-volt-9506095/,2014 Chevrolet Volt,"$14,999 ","Hamilton, ON"
237,http://carpages.ca/used-cars/ontario/kingston/2019-toyota-prius-9506005/,2019 Toyota Prius,"$31,996 ","Kingston, ON"
238,http://carpages.ca/used-cars/ontario/georgetown/2022-toyota-tundra-9505618/,2022 Toyota Tundra,"$93,818 ","Georgetown, ON"
239,http://carpages.ca/used-cars/ontario/oakville/2023-zero-dsr-9505411/,2023 ZERO DSR,"$23,295 ","Oakville, ON"
240,http://carpages.ca/used-cars/ontario/oakville/2023-zero-dsr-9505408/,2023 ZERO DSR,"$23,295 ","Oakville, ON"
241,http://carpages.ca/used-cars/ontario/brantford/2014-ford-c-max-9505123/,2014 Ford C-MAX,"$15,924 ","Brantford, ON"
242,http://carpages.ca/used-cars/ontario/cayuga/2019-toyota-rav4-9504694/,2019 Toyota RAV4,"$35,995 ","Cayuga, ON"
243,http://carpages.ca/new-cars/manitoba/winnipeg/2023-audi-q5-9504610/,2023 Audi Q5,"$65,579 ","Winnipeg, MB"
244,http://carpages.ca/new-cars/manitoba/winnipeg/2023-audi-q5-9504604/,2023 Audi Q5,"$72,329 ","Winnipeg, MB"
245,http://carpages.ca/new-cars/manitoba/winnipeg/2023-audi-q5-9504601/,2023 Audi Q5,"$59,789 ","Winnipeg, MB"
246,http://carpages.ca/new-cars/manitoba/winnipeg/2023-audi-q8-9504586/,2023 Audi Q8,"$101,389 ","Winnipeg, MB"
247,http://carpages.ca/used-cars/saskatchewan/saskatoon/2021-hyundai-ioniq-hybrid-9504475/,2021 Hyundai Ioniq Hybrid,"$32,990 ","Saskatoon, SK"
248,http://carpages.ca/used-cars/ontario/hamilton/2017-ford-c-max-9504151/,2017 Ford C-MAX,"$17,995 ","Hamilton, ON"
249,http://carpages.ca/new-cars/ontario/bolton/2023-jeep-wrangler-9504049/,2023 Jeep Wrangler,"$74,653 ","Bolton, ON"
250,http://carpages.ca/used-cars/british-columbia/new-westminster/2017-ford-c-max-9503338/,2017 Ford C-MAX,"$29,800 ","New Westminster, BC"
251,http://carpages.ca/new-cars/alberta/high-river/2023-toyota-tundra-9503062/,2023 Toyota Tundra,"$106,202 ","High River, AB"
252,http://carpages.ca/used-cars/ontario/brampton/2021-polestar-2-9502771/,2021 Polestar 2,"$62,995 ","Brampton, ON"
253,http://carpages.ca/used-cars/ontario/brampton/2021-polestar-2-9502768/,2021 Polestar 2,"$59,995 ","Brampton, ON"
254,http://carpages.ca/used-cars/ontario/north-york/2020-bmw-5-series-9502624/,2020 BMW 5 Series,"$49,995 ","North York, ON"
255,http://carpages.ca/used-cars/british-columbia/surrey/2022-tesla-model-y-9502405/,2022 Tesla Model Y,"$73,872 ","Surrey, BC"
256,http://carpages.ca/used-cars/ontario/north-york/2018-mercedes-benz-gl-class-9501907/,2018 Mercedes-Benz GL-Class,"$34,995 ","North York, ON"
257,http://carpages.ca/used-cars/manitoba/winnipeg/2022-volvo-xc60-9501847/,2022 Volvo XC60,"$56,879 ","Winnipeg, MB"
258,http://carpages.ca/new-cars/manitoba/winnipeg/2023-ford-f-150-9501766/,2023 Ford F-150,"$95,480 ","Winnipeg, MB"
259,http://carpages.ca/new-cars/manitoba/winnipeg/2023-ford-f-150-9501763/,2023 Ford F-150,"$94,080 ","Winnipeg, MB"
260,http://carpages.ca/used-cars/british-columbia/campbell-river/2019-ford-fusion-hybrid-9501454/,2019 Ford Fusion Hybrid,"$29,976 ","Campbell River, BC"
261,http://carpages.ca/used-cars/ontario/oakville/2023-zero-s-9501331/,2023 ZERO S,"$16,795 ","Oakville, ON"
262,http://carpages.ca/used-cars/ontario/scarborough/2023-toyota-corolla-9501163/,2023 Toyota Corolla,"$38,895 ","Scarborough, ON"
263,http://carpages.ca/used-cars/ontario/kitchener/2019-toyota-rav4-9501157/,2019 Toyota RAV4,"$34,999 ","Kitchener, ON"
264,http://carpages.ca/used-cars/ontario/kitchener/2018-toyota-highlander-9501142/,2018 Toyota Highlander,"$39,999 ","Kitchener, ON"
265,http://carpages.ca/used-cars/ontario/hamilton/2021-ford-escape-9501121/,2021 Ford Escape,"$38,004 ","Hamilton, ON"
266,http://carpages.ca/used-cars/ontario/ajax/2016-nissan-leaf-9500857/,2016 Nissan Leaf,"$13,888 ","Ajax, ON"
267,http://carpages.ca/new-cars/ontario/tilbury/2022-ford-f-150-9500476/,2022 Ford F-150,"$87,110 ","Tilbury, ON"
268,http://carpages.ca/used-cars/manitoba/winnipeg/2023-nissan-leaf-9500356/,2023 Nissan Leaf,"$49,800 ","Winnipeg, MB"
269,http://carpages.ca/new-cars/saskatchewan/saskatoon/2022-ram-1500-9500311/,2022 RAM 1500,"$66,789 ","Saskatoon, SK"
270,http://carpages.ca/new-cars/saskatchewan/saskatoon/2023-ram-1500-9500302/,2023 RAM 1500,"$91,155 ","Saskatoon, SK"
271,http://carpages.ca/new-cars/saskatchewan/saskatoon/2023-jeep-wrangler-9500296/,2023 Jeep Wrangler,"$56,565 ","Saskatoon, SK"
272,http://carpages.ca/used-cars/manitoba/winnipeg/2018-toyota-highlander-9500293/,2018 Toyota Highlander,"$56,980 ","Winnipeg, MB"
273,http://carpages.ca/used-cars/ontario/kitchener/2015-toyota-prius-9499987/,2015 Toyota Prius,"$19,789 ","Kitchener, ON"
274,http://carpages.ca/used-cars/ontario/kitchener/2013-toyota-prius-9499984/,2013 Toyota Prius,"$18,474 ","Kitchener, ON"
275,http://carpages.ca/new-cars/ontario/mississauga/2022-ford-escape-9499681/,2022 Ford Escape,"$44,799 ","Mississauga, ON"
276,http://carpages.ca/new-cars/saskatchewan/regina/2022-ford-escape-9499543/,2022 Ford Escape,"$45,169 ","Regina, SK"
277,http://carpages.ca/new-cars/ontario/mississauga/2023-ford-f-150-9499495/,2023 Ford F-150,"$91,760 ","Mississauga, ON"
278,http://carpages.ca/used-cars/ontario/mississauga/2010-ford-f-150-9499486/,2010 Ford F-150,"$8,995 ","Mississauga, ON"
279,http://carpages.ca/new-cars/ontario/sudbury/2023-mercedes-benz-gle-9499477/,2023 Mercedes-Benz GLE,"$194,832 ","Sudbury, ON"
280,http://carpages.ca/used-cars/manitoba/winnipeg/2020-toyota-rav4-9499471/,2020 Toyota RAV4,"$46,900 ","Winnipeg, MB"
281,http://carpages.ca/used-cars/british-columbia/courtenay/2021-kia-soul-9499285/,2021 Kia Soul,"$43,998 ","Courtenay, BC"
282,http://carpages.ca/used-cars/ontario/brantford/2021-ford-mustang-mach-e-9499231/,2021 Ford Mustang MACH-E,"$67,888 ","Brantford, ON"
283,http://carpages.ca/used-cars/ontario/nepean/2022-hyundai-elantra-9499219/,2022 Hyundai Elantra,"$33,999 ","Nepean, ON"
284,http://carpages.ca/new-cars/ontario/simcoe/2023-hyundai-ioniq-5-9499105/,2023 Hyundai IONIQ 5,"$58,093 ","Simcoe, ON"
285,http://carpages.ca/used-cars/new-brunswick/moncton/2019-toyota-rav4-9498679/,2019 Toyota RAV4,"$39,994 ","Moncton, NB"
286,http://carpages.ca/used-cars/alberta/edmonton/2021-ford-escape-9497986/,2021 Ford Escape,"$38,997 ","Edmonton, AB"
287,http://carpages.ca/used-cars/alberta/edmonton/2020-ford-escape-9497980/,2020 Ford Escape,"$36,997 ","Edmonton, AB"
288,http://carpages.ca/used-cars/ontario/north-york/2015-lexus-rx-450h-9497866/,2015 Lexus RX 450h,"$22,995 ","North York, ON"
289,http://carpages.ca/used-cars/alberta/calgary/2008-toyota-camry-9497707/,2008 Toyota Camry,"$2,900 ","Calgary, AB"
290,http://carpages.ca/used-cars/manitoba/winnipeg/2022-tesla-model-3-9496432/,2022 Tesla Model 3,"$71,000 ","Winnipeg, MB"
291,http://carpages.ca/used-cars/manitoba/winnipeg/2022-tesla-model-3-9496429/,2022 Tesla Model 3,"$71,000 ","Winnipeg, MB"
292,http://carpages.ca/new-cars/saskatchewan/saskatoon/2023-ram-1500-9496138/,2023 RAM 1500,"$72,975 ","Saskatoon, SK"
293,http://carpages.ca/used-cars/saskatchewan/saskatoon/2019-ford-fusion-9495955/,2019 Ford Fusion,"$26,990 ","Saskatoon, SK"
294,http://carpages.ca/new-cars/saskatchewan/moose-jaw/2023-honda-cr-v-9495766/,2023 Honda CR-V,"$52,106 ","Moose Jaw, SK"
295,http://carpages.ca/new-cars/saskatchewan/moose-jaw/2023-ford-explorer-9495283/,2023 Ford Explorer,"$63,550 ","Moose Jaw, SK"
296,http://carpages.ca/used-cars/british-columbia/new-westminster/2019-mitsubishi-outlander-9495268/,2019 Mitsubishi Outlander,"$36,800 ","New Westminster, BC"
297,http://carpages.ca/new-cars/british-columbia/abbotsford/2023-hyundai-ioniq-5-9495013/,2023 Hyundai IONIQ 5,"$54,924 ","Abbotsford, BC"
298,http://carpages.ca/new-cars/alberta/high-river/2023-toyota-corolla-9494944/,2023 Toyota Corolla,"$40,217 ","High River, AB"
299,http://carpages.ca/used-cars/quebec/saint-jean-sur-richelieu/2022-hyundai-ioniq-5-9494785/,2022 Hyundai IONIQ 5,"$55,996 ","Saint-Jean-sur-Richelieu, QC"
300,http://carpages.ca/used-cars/british-columbia/vancouver/2019-honda-accord-9494701/,2019 Honda Accord,"$25,995 ","Vancouver, BC"
301,http://carpages.ca/new-cars/manitoba/brandon/2023-honda-cr-v-9494407/,2023 Honda CR-V,"$53,936.13 ","Brandon, MB"
302,http://carpages.ca/used-cars/ontario/oakville/2022-toyota-rav4-9494098/,2022 Toyota RAV4,"$57,999 ","Oakville, ON"
303,http://carpages.ca/used-cars/alberta/edmonton/2020-ford-fusion-9494083/,2020 Ford Fusion,"$27,911 ","Edmonton, AB"
304,http://carpages.ca/new-cars/alberta/red-deer/2023-honda-cr-v-9494011/,2023 Honda CR-V,"$56,062 ","Red Deer, AB"
305,http://carpages.ca/used-cars/manitoba/winnipeg/2022-tesla-model-3-9493630/,2022 Tesla Model 3,"$71,000 ","Winnipeg, MB"
306,http://carpages.ca/used-cars/manitoba/winnipeg/2022-tesla-model-3-9493627/,2022 Tesla Model 3,"$71,000 ","Winnipeg, MB"
307,http://carpages.ca/used-cars/manitoba/winnipeg/2022-tesla-model-3-9493624/,2022 Tesla Model 3,"$71,000 ","Winnipeg, MB"
308,http://carpages.ca/used-cars/manitoba/winnipeg/2022-tesla-model-3-9493621/,2022 Tesla Model 3,"$58,000 ","Winnipeg, MB"
309,http://carpages.ca/used-cars/manitoba/winnipeg/2022-tesla-model-3-9493618/,2022 Tesla Model 3,"$58,000 ","Winnipeg, MB"
310,http://carpages.ca/used-cars/manitoba/winnipeg/2022-mitsubishi-outlander-9493597/,2022 Mitsubishi Outlander,"$45,875 ","Winnipeg, MB"
311,http://carpages.ca/used-cars/british-columbia/surrey/2021-ford-mustang-mach-e-9493297/,2021 Ford Mustang MACH-E,"$63,888 ","Surrey, BC"
312,http://carpages.ca/used-cars/ontario/north-york/2019-tesla-model-3-9493294/,2019 Tesla Model 3,"$40,980 ","North York, ON"
313,http://carpages.ca/used-cars/ontario/barrie/2018-bmw-5-series-9493006/,2018 BMW 5 Series,"$36,995 ","Barrie, ON"
314,http://carpages.ca/used-cars/ontario/waterloo/2014-toyota-prius-c-9492961/,2014 Toyota Prius c,"$19,995 ","Waterloo, ON"
315,http://carpages.ca/new-cars/british-columbia/vancouver/2023-honda-cr-v-9492901/,2023 Honda CR-V,"$50,840 ","Vancouver, BC"
316,http://carpages.ca/used-cars/ontario/oakville/2007-toyota-camry-9492694/,2007 Toyota Camry,"$4,999 ","Oakville, ON"
317,http://carpages.ca/used-cars/ontario/cobourg/2022-hyundai-tucson-hybrid-9492541/,2022 Hyundai Tucson Hybrid,"$53,995 ","Cobourg, ON"
318,http://carpages.ca/used-cars/ontario/cayuga/2020-ford-escape-9492322/,2020 Ford Escape,"$39,995 ","Cayuga, ON"
319,http://carpages.ca/used-cars/ontario/cayuga/2020-ford-fusion-9492235/,2020 Ford Fusion,"$30,495 ","Cayuga, ON"
320,http://carpages.ca/used-cars/ontario/cayuga/2018-chevrolet-malibu-9492025/,2018 Chevrolet Malibu,"$26,995 ","Cayuga, ON"
321,http://carpages.ca/used-cars/ontario/cayuga/2019-lincoln-mkz-9491998/,2019 Lincoln MKZ,"$37,995 ","Cayuga, ON"
322,http://carpages.ca/used-cars/ontario/cayuga/2018-ford-fusion-9491956/,2018 Ford Fusion,"$24,995 ","Cayuga, ON"
323,http://carpages.ca/used-cars/ontario/cayuga/2019-kia-niro-9491812/,2019 Kia NIRO,"$35,995 ","Cayuga, ON"
324,http://carpages.ca/used-cars/ontario/cayuga/2020-ford-fusion-9491665/,2020 Ford Fusion,"$32,995 ","Cayuga, ON"
325,http://carpages.ca/used-cars/ontario/cayuga/2020-ford-fusion-9491638/,2020 Ford Fusion,"$33,995 ","Cayuga, ON"
326,http://carpages.ca/used-cars/ontario/cayuga/2019-toyota-rav4-9491623/,2019 Toyota RAV4,"$39,995 ","Cayuga, ON"
327,http://carpages.ca/used-cars/ontario/cayuga/2020-ford-fusion-9491524/,2020 Ford Fusion,"$32,995 ","Cayuga, ON"
328,http://carpages.ca/used-cars/ontario/cayuga/2019-chrysler-pacifica-9491494/,2019 Chrysler Pacifica,"$52,995 ","Cayuga, ON"
329,http://carpages.ca/used-cars/ontario/cayuga/2018-ford-fusion-9491344/,2018 Ford Fusion,"$27,995 ","Cayuga, ON"
330,http://carpages.ca/new-cars/saskatchewan/saskatoon/2023-ram-1500-9491122/,2023 RAM 1500,"$75,270 ","Saskatoon, SK"
331,http://carpages.ca/new-cars/nova-scotia/port-hawkesbury/2023-toyota-highlander-9490561/,2023 Toyota Highlander,"$58,305 ","Port Hawkesbury, NS"
332,http://carpages.ca/used-cars/ontario/hamilton/2022-ford-f-150-9489544/,2022 Ford F-150,"$74,995 ","Hamilton, ON"
333,http://carpages.ca/new-cars/manitoba/winnipeg/2023-kia-sportage-9489154/,2023 Kia Sportage,"$46,887 ","Winnipeg, MB"
334,http://carpages.ca/used-cars/ontario/alliston/2018-chevrolet-volt-9488893/,2018 Chevrolet Volt,"$28,900 ","Alliston, ON"
335,http://carpages.ca/used-cars/ontario/guelph/2017-tesla-model-s-9488863/,2017 Tesla Model S,"$58,000 ","Guelph, ON"
336,http://carpages.ca/used-cars/ontario/london/2022-hyundai-ioniq-5-9488590/,2022 Hyundai IONIQ 5,"$64,990 ","London, ON"
337,http://carpages.ca/new-cars/british-columbia/port-coquitlam/2023-mitsubishi-outlander-9487989/,2023 Mitsubishi Outlander,"$56,398 ","Port Coquitlam, BC"
338,http://carpages.ca/new-cars/british-columbia/port-coquitlam/2023-mitsubishi-outlander-9487974/,2023 Mitsubishi Outlander,"$56,098 ","Port Coquitlam, BC"
339,http://carpages.ca/new-cars/british-columbia/port-coquitlam/2023-mitsubishi-outlander-9487980/,2023 Mitsubishi Outlander,"$56,398 ","Port Coquitlam, BC"
340,http://carpages.ca/new-cars/british-columbia/port-coquitlam/2023-mitsubishi-outlander-9487968/,2023 Mitsubishi Outlander,"$56,395 ","Port Coquitlam, BC"
341,http://carpages.ca/used-cars/british-columbia/surrey/2020-jeep-wrangler-9487614/,2020 Jeep Wrangler,"$58,324 ","Surrey, BC"
342,http://carpages.ca/used-cars/ontario/oakville/2017-toyota-prius-9487152/,2017 Toyota Prius,"$22,995 ","Oakville, ON"
343,http://carpages.ca/used-cars/manitoba/winnipeg/2022-audi-a5-sportback-9487011/,2022 Audi A5 Sportback,"$62,500 ","Winnipeg, MB"
344,http://carpages.ca/used-cars/british-columbia/surrey/2018-toyota-rav4-9486570/,2018 Toyota RAV4,"$38,999 ","Surrey, BC"
345,http://carpages.ca/used-cars/british-columbia/surrey/2022-tesla-model-y-9486561/,2022 Tesla Model Y,"$89,995 ","Surrey, BC"
346,http://carpages.ca/new-cars/saskatchewan/paradise-hill/2023-ford-f-150-9486426/,2023 Ford F-150,"$79,525 ","Paradise Hill, SK"
347,http://carpages.ca/used-cars/manitoba/winnipeg/2022-tesla-model-3-9486183/,2022 Tesla Model 3,"$57,104 ","Winnipeg, MB"
348,http://carpages.ca/new-cars/manitoba/brandon/2023-honda-cr-v-9486132/,2023 Honda CR-V,"$53,936.13 ","Brandon, MB"
349,http://carpages.ca/new-cars/manitoba/winnipeg/2023-toyota-tundra-9485805/,2023 Toyota Tundra,"$84,788 ","Winnipeg, MB"
350,http://carpages.ca/used-cars/manitoba/winnipeg/2021-tesla-model-3-9485748/,2021 Tesla Model 3,"$53,500 ","Winnipeg, MB"
351,http://carpages.ca/used-cars/manitoba/winnipeg/2020-tesla-model-3-9485745/,2020 Tesla Model 3,"$60,497 ","Winnipeg, MB"
352,http://carpages.ca/used-cars/manitoba/winnipeg/2022-tesla-model-3-9485736/,2022 Tesla Model 3,"$58,000 ","Winnipeg, MB"
353,http://carpages.ca/used-cars/manitoba/winnipeg/2021-tesla-model-3-9485730/,2021 Tesla Model 3,"$60,749 ","Winnipeg, MB"
354,http://carpages.ca/used-cars/ontario/oakville/2022-ford-f-150-lightning-9485541/,2022 Ford F-150 Lightning,"$116,950 ","Oakville, ON"
355,http://carpages.ca/used-cars/ontario/oakville/2023-zero-dsrx-9485283/,2023 ZERO DSR/X,"$31,595 ","Oakville, ON"
356,http://carpages.ca/used-cars/ontario/oakville/2023-zero-ds-9485223/,2023 ZERO DS,"$16,795 ","Oakville, ON"
357,http://carpages.ca/used-cars/ontario/scarborough/2012-lexus-ct-200h-9485163/,2012 Lexus CT 200h,"$12,988 ","Scarborough, ON"
358,http://carpages.ca/new-cars/saskatchewan/saskatoon/2023-ram-1500-9484665/,2023 RAM 1500,"$72,975 ","Saskatoon, SK"
359,http://carpages.ca/new-cars/manitoba/winnipeg/2023-jeep-wrangler-9484629/,2023 Jeep Wrangler,"$63,520 ","Winnipeg, MB"
360,http://carpages.ca/new-cars/manitoba/winnipeg/2023-jeep-grand-cherokee-9484620/,2023 Jeep Grand Cherokee,"$82,820 ","Winnipeg, MB"
361,http://carpages.ca/new-cars/manitoba/winnipeg/2023-jeep-grand-cherokee-9484617/,2023 Jeep Grand Cherokee,"$87,530 ","Winnipeg, MB"
362,http://carpages.ca/new-cars/manitoba/winnipeg/2023-jeep-wrangler-9484611/,2023 Jeep Wrangler,"$63,520 ","Winnipeg, MB"
363,http://carpages.ca/new-cars/manitoba/winnipeg/2023-jeep-wrangler-9484605/,2023 Jeep Wrangler,"$71,920 ","Winnipeg, MB"
364,http://carpages.ca/used-cars/ontario/guelph/2020-ford-escape-9484254/,2020 Ford Escape,"$35,988 ","Guelph, ON"
365,http://carpages.ca/used-cars/british-columbia/maple-ridge/2019-chrysler-pacifica-9483732/,2019 Chrysler Pacifica,"$56,988 ","Maple Ridge, BC"
366,http://carpages.ca/used-cars/british-columbia/kamloops/2020-hyundai-kona-9483534/,2020 Hyundai KONA,"$45,995 ","Kamloops, BC"
367,http://carpages.ca/new-cars/alberta/high-river/2023-toyota-sequoia-9483510/,2023 Toyota Sequoia,"$97,110 ","High River, AB"
368,http://carpages.ca/new-cars/alberta/slave-lake/2023-ford-f-150-lightning-9483492/,2023 Ford F-150 Lightning,"$123,195 ","Slave Lake, AB"
369,http://carpages.ca/used-cars/ontario/scarborough/2022-tesla-model-3-9483186/,2022 Tesla Model 3,"$71,386 ","Scarborough, ON"
370,http://carpages.ca/used-cars/ontario/north-bay/2021-jeep-wrangler-9483009/,2021 Jeep Wrangler,"$38,979 ","North Bay, ON"
371,http://carpages.ca/used-cars/british-columbia/abbotsford/2019-tesla-model-3-9482880/,2019 Tesla Model 3,"$53,495 ","Abbotsford, BC"
372,http://carpages.ca/new-cars/ontario/midland/2023-nissan-leaf-9482622/,2023 Nissan Leaf,"$43,940 ","Midland, ON"
373,http://carpages.ca/used-cars/alberta/edmonton/2021-ford-escape-9482430/,2021 Ford Escape,"$40,322 ","Edmonton, AB"
374,http://carpages.ca/new-cars/alberta/peace-river/2023-jeep-wrangler-9482394/,2023 Jeep Wrangler,"$65,080 ","Peace River, AB"
375,http://carpages.ca/used-cars/manitoba/winnipeg/2022-hyundai-kona-9482064/,2022 Hyundai KONA,"$51,991 ","Winnipeg, MB"
376,http://carpages.ca/new-cars/manitoba/winnipeg/2023-hyundai-kona-9482046/,2023 Hyundai KONA,"$48,664 ","Winnipeg, MB"
377,http://carpages.ca/new-cars/manitoba/winnipeg/2023-hyundai-kona-9482043/,2023 Hyundai KONA,"$48,214 ","Winnipeg, MB"
378,http://carpages.ca/used-cars/ontario/oakville/2023-zero-fx-9481695/,2023 ZERO FX,"$16,795 ","Oakville, ON"
379,http://carpages.ca/used-cars/ontario/oakville/2023-zero-fx-9481692/,2023 ZERO FX,"$16,795 ","Oakville, ON"
380,http://carpages.ca/used-cars/ontario/brampton/2021-toyota-prius-9481623/,2021 Toyota Prius,"$34,900 ","Brampton, ON"
381,http://carpages.ca/used-cars/ontario/oakville/2023-zero-fxe-9481290/,2023 ZERO FXE,"$16,795 ","Oakville, ON"
382,http://carpages.ca/used-cars/ontario/oakville/2023-zero-fxe-9481287/,2023 ZERO FXE,"$16,795 ","Oakville, ON"
383,http://carpages.ca/new-cars/alberta/slave-lake/2022-ford-mustang-mach-e-9481239/,2022 Ford Mustang MACH-E,"$79,940 ","Slave Lake, AB"
384,http://carpages.ca/new-cars/alberta/slave-lake/2022-ford-f-150-9481233/,2022 Ford F-150,"$73,530 ","Slave Lake, AB"
385,http://carpages.ca/new-cars/alberta/slave-lake/2022-ford-mustang-mach-e-9481191/,2022 Ford Mustang MACH-E,"$92,530 ","Slave Lake, AB"
386,http://carpages.ca/new-cars/alberta/slave-lake/2022-ford-escape-9481170/,2022 Ford Escape,"$43,419 ","Slave Lake, AB"
387,http://carpages.ca/new-cars/alberta/slave-lake/2022-ford-escape-9481140/,2022 Ford Escape,"$41,344 ","Slave Lake, AB"
388,http://carpages.ca/new-cars/alberta/slave-lake/2022-ford-mustang-mach-e-9481131/,2022 Ford Mustang MACH-E,"$92,630 ","Slave Lake, AB"
389,http://carpages.ca/new-cars/alberta/slave-lake/2022-ford-f-150-9481107/,2022 Ford F-150,"$88,435 ","Slave Lake, AB"
390,http://carpages.ca/new-cars/alberta/slave-lake/2022-ford-f-150-9481089/,2022 Ford F-150,"$75,380 ","Slave Lake, AB"
391,http://carpages.ca/used-cars/ontario/cobourg/2022-hyundai-kona-electric-9480987/,2022 Hyundai KONA electric,"$53,995 ","Cobourg, ON"
392,http://carpages.ca/new-cars/alberta/slave-lake/2022-ford-f-150-9480945/,2022 Ford F-150,"$86,525 ","Slave Lake, AB"
